{
    "bleu1": 0.2580931560688389,
    "bleu2": 0.21831247733218997,
    "bleu3": 0.1945020320603947,
    "bleu4": 0.16970727422290127
}