epoch,train_loss,val_loss
1,1.6168236286244928,1.1520372819393239
2,1.1743715217406736,0.9673452954343025
3,1.0283761830094027,0.8728863850552985
4,0.9402698045745891,0.8253598536582704
5,0.9089157267369051,0.8172245716795008
